0;0xaae6;FUN_InstallCrack
1;0xb074;SYS_Init
2;0xb23a;SYS_FindSTE
3;0xb7a2;SYS_InitKeyboard
4;0xb390;SYS_InitTimers
5;0xb5dc;io_linepal
6;0xb2d0;iniline
7;0xb22a;INT_ExceptionVector0x45
8;0xb22a;INT_ExceptionVector0x45
9;0xb382;itbl0
10;0xb22a;INT_ExceptionVector0x45
11;0xb22a;INT_ExceptionVector0x45
12;0xb22a;INT_ExceptionVector0x45
13;0xb22a;INT_ExceptionVector0x45
14;0xb382;itbl0
15;0xb22a;INT_ExceptionVector0x45
16;0xb22a;INT_ExceptionVector0x45
17;0xb22a;INT_ExceptionVector0x45
18;0xb22a;INT_ExceptionVector0x45
19;0xb22a;INT_ExceptionVector0x45
20;0xb22a;INT_ExceptionVector0x45
21;0xb22a;INT_ExceptionVector0x45
22;0xb22a;INT_ExceptionVector0x45
23;0xb22a;INT_ExceptionVector0x45
24;0xb68e;SYS_InitScreen
25;0xb25c;SYS_InitLocale
26;0xb228;INT_ExceptionVector0x18
27;0xb8b4;SYS_Random
28;0xb884;io_shiftkey
29;0xb884;io_shiftkey
30;0xb884;io_shiftkey
31;0xb770;setphysic
32;0xb7ee;SYS_GetMouse
33;0xb812;SYS_Joystick
34;0xb884;io_shiftkey
35;0xb884;io_shiftkey
36;0xb884;io_shiftkey
37;0xb7ee;SYS_GetMouse
38;0xb812;SYS_Joystick
39;0xb884;io_shiftkey
40;0xb884;io_shiftkey
41;0xb884;io_shiftkey
42;0xb770;setphysic
43;0xb7ee;SYS_GetMouse
44;0xb812;SYS_Joystick
45;0xb884;io_shiftkey
46;0xb884;io_shiftkey
47;0xb884;io_shiftkey
48;0xb7ee;SYS_GetMouse
49;0xb812;SYS_Joystick
50;0xb884;io_shiftkey
51;0xb884;io_shiftkey
52;0xb884;io_shiftkey
53;0xb770;setphysic
54;0xb7ee;SYS_GetMouse
55;0xb812;SYS_Joystick
56;0xb884;io_shiftkey
57;0xb884;io_shiftkey
58;0xb884;io_shiftkey
59;0xb7ee;SYS_GetMouse
60;0xb812;SYS_Joystick
61;0xb884;io_shiftkey
62;0xb884;io_shiftkey
63;0xb884;io_shiftkey
64;0xb770;setphysic
65;0xb7ee;SYS_GetMouse
66;0xb812;SYS_Joystick
67;0xb884;io_shiftkey
68;0xb884;io_shiftkey
69;0xb884;io_shiftkey
70;0xb7ee;SYS_GetMouse
71;0xb812;SYS_Joystick
72;0xb884;io_shiftkey
73;0xb884;io_shiftkey
74;0xb884;io_shiftkey
75;0xb770;setphysic
76;0xb7ee;SYS_GetMouse
77;0xb812;SYS_Joystick
78;0xb884;io_shiftkey
79;0xb884;io_shiftkey
80;0xb884;io_shiftkey
81;0xb7ee;SYS_GetMouse
82;0xb812;SYS_Joystick
83;0xb884;io_shiftkey
84;0xb884;io_shiftkey
85;0xb884;io_shiftkey
86;0xb770;setphysic
87;0xb7ee;SYS_GetMouse
88;0xb812;SYS_Joystick
89;0xb884;io_shiftkey
90;0xb884;io_shiftkey
91;0xb884;io_shiftkey
92;0xb7ee;SYS_GetMouse
93;0xb812;SYS_Joystick
94;0xb884;io_shiftkey
95;0xb884;io_shiftkey
96;0xb884;io_shiftkey
97;0xb7ee;SYS_GetMouse
98;0xb812;SYS_Joystick
99;0xb884;io_shiftkey
100;0xb884;io_shiftkey
101;0xb884;io_shiftkey
102;0xb770;setphysic
103;0xb7ee;SYS_GetMouse
104;0xb812;SYS_Joystick
105;0xb884;io_shiftkey
106;0xb884;io_shiftkey
107;0xb884;io_shiftkey
108;0xb7ee;SYS_GetMouse
109;0xb812;SYS_Joystick
110;0xb884;io_shiftkey
111;0xb884;io_shiftkey
112;0xb884;io_shiftkey
113;0xb7ee;SYS_GetMouse
114;0xb812;SYS_Joystick
115;0xb884;io_shiftkey
116;0xb884;io_shiftkey
117;0xb884;io_shiftkey
118;0xb770;setphysic
119;0xb7ee;SYS_GetMouse
120;0xb812;SYS_Joystick
121;0xb884;io_shiftkey
122;0xb884;io_shiftkey
123;0xb884;io_shiftkey
124;0xb7ee;SYS_GetMouse
125;0xb812;SYS_Joystick
126;0xb884;io_shiftkey
127;0xb884;io_shiftkey
128;0xb884;io_shiftkey
129;0xb7ee;SYS_GetMouse
130;0xb812;SYS_Joystick
131;0xb884;io_shiftkey
132;0xb884;io_shiftkey
133;0xb884;io_shiftkey
134;0xb770;setphysic
135;0xb7ee;SYS_GetMouse
136;0xb812;SYS_Joystick
137;0xb884;io_shiftkey
138;0xb884;io_shiftkey
139;0xb884;io_shiftkey
140;0xb7ee;SYS_GetMouse
141;0xb812;SYS_Joystick
142;0xb884;io_shiftkey
143;0xb884;io_shiftkey
144;0xb884;io_shiftkey
145;0xb7ee;SYS_GetMouse
146;0xb812;SYS_Joystick
147;0xb884;io_shiftkey
148;0xb884;io_shiftkey
149;0xb884;io_shiftkey
150;0xb770;setphysic
151;0xb7ee;SYS_GetMouse
152;0xb812;SYS_Joystick
153;0xb884;io_shiftkey
154;0xb884;io_shiftkey
155;0xb884;io_shiftkey
156;0xb7ee;SYS_GetMouse
157;0xb812;SYS_Joystick
158;0xb884;io_shiftkey
159;0xb884;io_shiftkey
160;0xb884;io_shiftkey
161;0xb7ee;SYS_GetMouse
162;0xb812;SYS_Joystick
163;0xb884;io_shiftkey
164;0xb884;io_shiftkey
165;0xb884;io_shiftkey
166;0xb770;setphysic
167;0xb7ee;SYS_GetMouse
168;0xb812;SYS_Joystick
169;0xb884;io_shiftkey
170;0xb884;io_shiftkey
171;0xb884;io_shiftkey
172;0xb7ee;SYS_GetMouse
173;0xb812;SYS_Joystick
174;0xb884;io_shiftkey
175;0xb884;io_shiftkey
176;0xb884;io_shiftkey
177;0xb7ee;SYS_GetMouse
178;0xb812;SYS_Joystick
179;0xb884;io_shiftkey
180;0xb884;io_shiftkey
181;0xb884;io_shiftkey
182;0xb770;setphysic
183;0xb7ee;SYS_GetMouse
184;0xb812;SYS_Joystick
185;0xb884;io_shiftkey
186;0xb884;io_shiftkey
187;0xb884;io_shiftkey
188;0xb7ee;SYS_GetMouse
189;0xb812;SYS_Joystick
190;0xb884;io_shiftkey
191;0xb884;io_shiftkey
192;0xb884;io_shiftkey
193;0xb7ee;SYS_GetMouse
194;0xb812;SYS_Joystick
195;0xb884;io_shiftkey
196;0xb884;io_shiftkey
197;0xb884;io_shiftkey
198;0xb770;setphysic
199;0xb7ee;SYS_GetMouse
200;0xb812;SYS_Joystick
201;0xb884;io_shiftkey
202;0xb884;io_shiftkey
203;0xb884;io_shiftkey
204;0xb7ee;SYS_GetMouse
205;0xb812;SYS_Joystick
206;0xb884;io_shiftkey
207;0xb884;io_shiftkey
208;0xb884;io_shiftkey
209;0xb7ee;SYS_GetMouse
210;0xb812;SYS_Joystick
211;0xb884;io_shiftkey
212;0xb884;io_shiftkey
213;0xb884;io_shiftkey
214;0xb770;setphysic
215;0xb7ee;SYS_GetMouse
216;0xb812;SYS_Joystick
217;0xb884;io_shiftkey
218;0xb884;io_shiftkey
219;0xb884;io_shiftkey
220;0xb7ee;SYS_GetMouse
221;0xb812;SYS_Joystick
222;0xb884;io_shiftkey
223;0xb884;io_shiftkey
224;0xb884;io_shiftkey
225;0xb7ee;SYS_GetMouse
226;0xb812;SYS_Joystick
227;0xb884;io_shiftkey
228;0xb884;io_shiftkey
229;0xb884;io_shiftkey
230;0xb770;setphysic
231;0xb7ee;SYS_GetMouse
232;0xb812;SYS_Joystick
233;0xb884;io_shiftkey
234;0xb884;io_shiftkey
235;0xb884;io_shiftkey
236;0xb7ee;SYS_GetMouse
237;0xb812;SYS_Joystick
238;0xb884;io_shiftkey
239;0xb884;io_shiftkey
240;0xb884;io_shiftkey
241;0xb7ee;SYS_GetMouse
242;0xb812;SYS_Joystick
243;0xb884;io_shiftkey
244;0xb884;io_shiftkey
245;0xb884;io_shiftkey
246;0xb770;setphysic
247;0xb7ee;SYS_GetMouse
248;0xb812;SYS_Joystick
249;0xb884;io_shiftkey
250;0xb884;io_shiftkey
251;0xb884;io_shiftkey
252;0xb7ee;SYS_GetMouse
253;0xb812;SYS_Joystick
254;0xb884;io_shiftkey
255;0xb884;io_shiftkey
256;0xb884;io_shiftkey
257;0xb7ee;SYS_GetMouse
258;0xb812;SYS_Joystick
259;0xb884;io_shiftkey
260;0xb884;io_shiftkey
261;0xb884;io_shiftkey
262;0xb770;setphysic
263;0xb7ee;SYS_GetMouse
264;0xb812;SYS_Joystick
265;0xb884;io_shiftkey
266;0xb884;io_shiftkey
267;0xb884;io_shiftkey
268;0xb7ee;SYS_GetMouse
269;0xb812;SYS_Joystick
270;0xb884;io_shiftkey
271;0xb884;io_shiftkey
272;0xb884;io_shiftkey
273;0xb7ee;SYS_GetMouse
274;0xb812;SYS_Joystick
275;0xb884;io_shiftkey
276;0xb884;io_shiftkey
277;0xb884;io_shiftkey
278;0xb770;setphysic
279;0xb7ee;SYS_GetMouse
280;0xb812;SYS_Joystick
281;0xb884;io_shiftkey
282;0xb884;io_shiftkey
283;0xb884;io_shiftkey
284;0xb7ee;SYS_GetMouse
285;0xb812;SYS_Joystick
286;0xb884;io_shiftkey
287;0xb884;io_shiftkey
288;0xb884;io_shiftkey
289;0xb7ee;SYS_GetMouse
290;0xb812;SYS_Joystick
291;0xb884;io_shiftkey
292;0xb884;io_shiftkey
293;0xb884;io_shiftkey
294;0xb770;setphysic
295;0xb7ee;SYS_GetMouse
296;0xb812;SYS_Joystick
297;0xb884;io_shiftkey
298;0xb884;io_shiftkey
299;0xb884;io_shiftkey
300;0xb7ee;SYS_GetMouse
301;0xb812;SYS_Joystick
302;0xb884;io_shiftkey
303;0xb884;io_shiftkey
304;0xb884;io_shiftkey
305;0xb7ee;SYS_GetMouse
306;0xb812;SYS_Joystick
307;0xb884;io_shiftkey
308;0xb884;io_shiftkey
309;0xb884;io_shiftkey
310;0xb770;setphysic
311;0xb7ee;SYS_GetMouse
312;0xb812;SYS_Joystick
313;0xb884;io_shiftkey
314;0xb884;io_shiftkey
315;0xb884;io_shiftkey
316;0xb7ee;SYS_GetMouse
317;0xb812;SYS_Joystick
318;0xb884;io_shiftkey
319;0xb884;io_shiftkey
320;0xb884;io_shiftkey
321;0xb7ee;SYS_GetMouse
322;0xb812;SYS_Joystick
323;0xb884;io_shiftkey
324;0xb884;io_shiftkey
325;0xb884;io_shiftkey
326;0xb770;setphysic
327;0xb7ee;SYS_GetMouse
328;0xb812;SYS_Joystick
329;0xb884;io_shiftkey
330;0xb884;io_shiftkey
331;0xb884;io_shiftkey
332;0xb7ee;SYS_GetMouse
333;0xb812;SYS_Joystick
334;0xb884;io_shiftkey
335;0xb884;io_shiftkey
336;0xb884;io_shiftkey
337;0xb7ee;SYS_GetMouse
338;0xb812;SYS_Joystick
339;0xb884;io_shiftkey
340;0xb884;io_shiftkey
341;0xb884;io_shiftkey
342;0xb770;setphysic
343;0xb7ee;SYS_GetMouse
344;0xb812;SYS_Joystick
345;0xb884;io_shiftkey
346;0xb884;io_shiftkey
347;0xb884;io_shiftkey
348;0xb7ee;SYS_GetMouse
349;0xb812;SYS_Joystick
350;0xb884;io_shiftkey
351;0xb884;io_shiftkey
352;0xb884;io_shiftkey
353;0xb7ee;SYS_GetMouse
354;0xb812;SYS_Joystick
355;0xb884;io_shiftkey
356;0xb884;io_shiftkey
357;0xb884;io_shiftkey
358;0xb770;setphysic
359;0xb7ee;SYS_GetMouse
360;0xb812;SYS_Joystick
361;0xb884;io_shiftkey
362;0xb884;io_shiftkey
363;0xb884;io_shiftkey
364;0xb7ee;SYS_GetMouse
365;0xb812;SYS_Joystick
366;0xb884;io_shiftkey
367;0xb884;io_shiftkey
368;0xb884;io_shiftkey
369;0xb7ee;SYS_GetMouse
370;0xb812;SYS_Joystick
371;0xb884;io_shiftkey
372;0xb884;io_shiftkey
373;0xb884;io_shiftkey
374;0xb770;setphysic
375;0xb7ee;SYS_GetMouse
376;0xb812;SYS_Joystick
377;0xb884;io_shiftkey
378;0xb884;io_shiftkey
379;0xb884;io_shiftkey
380;0xb7ee;SYS_GetMouse
381;0xb812;SYS_Joystick
382;0xb884;io_shiftkey
383;0xb884;io_shiftkey
384;0xb884;io_shiftkey
385;0xb7ee;SYS_GetMouse
386;0xb812;SYS_Joystick
387;0xb884;io_shiftkey
388;0xb884;io_shiftkey
389;0xb884;io_shiftkey
390;0xb770;setphysic
391;0xb7ee;SYS_GetMouse
392;0xb812;SYS_Joystick
393;0xb884;io_shiftkey
394;0xb884;io_shiftkey
395;0xb884;io_shiftkey
396;0xb7ee;SYS_GetMouse
397;0xb812;SYS_Joystick
398;0xb884;io_shiftkey
399;0xb884;io_shiftkey
400;0xb884;io_shiftkey
401;0xb7ee;SYS_GetMouse
402;0xb812;SYS_Joystick
403;0xb884;io_shiftkey
404;0xb884;io_shiftkey
405;0xb884;io_shiftkey
406;0xb770;setphysic
407;0xb7ee;SYS_GetMouse
408;0xb812;SYS_Joystick
409;0xb884;io_shiftkey
410;0xb884;io_shiftkey
411;0xb884;io_shiftkey
412;0xb7ee;SYS_GetMouse
413;0xb812;SYS_Joystick
414;0xb884;io_shiftkey
415;0xb884;io_shiftkey
416;0xb884;io_shiftkey
417;0xb7ee;SYS_GetMouse
418;0xb812;SYS_Joystick
419;0xb884;io_shiftkey
420;0xb884;io_shiftkey
421;0xb884;io_shiftkey
422;0xb770;setphysic
423;0xb7ee;SYS_GetMouse
424;0xb812;SYS_Joystick
425;0xb884;io_shiftkey
426;0xb884;io_shiftkey
427;0xb884;io_shiftkey
428;0xb7ee;SYS_GetMouse
429;0xb812;SYS_Joystick
430;0xb884;io_shiftkey
431;0xb884;io_shiftkey
432;0xb884;io_shiftkey
433;0xb7ee;SYS_GetMouse
434;0xb812;SYS_Joystick
435;0xb884;io_shiftkey
436;0xb884;io_shiftkey
437;0xb884;io_shiftkey
438;0xb770;setphysic
439;0xb7ee;SYS_GetMouse
440;0xb812;SYS_Joystick
441;0xb884;io_shiftkey
442;0xb884;io_shiftkey
443;0xb884;io_shiftkey
444;0xb7ee;SYS_GetMouse
445;0xb812;SYS_Joystick
446;0xb884;io_shiftkey
447;0xb884;io_shiftkey
448;0xb884;io_shiftkey
449;0xb7ee;SYS_GetMouse
450;0xb812;SYS_Joystick
451;0xb884;io_shiftkey
452;0xb884;io_shiftkey
453;0xb884;io_shiftkey
454;0xb770;setphysic
455;0xb7ee;SYS_GetMouse
456;0xb812;SYS_Joystick
457;0xb884;io_shiftkey
458;0xb884;io_shiftkey
459;0xb884;io_shiftkey
460;0xb7ee;SYS_GetMouse
461;0xb812;SYS_Joystick
462;0xb884;io_shiftkey
463;0xb884;io_shiftkey
464;0xb884;io_shiftkey
465;0xb7ee;SYS_GetMouse
466;0xb812;SYS_Joystick
467;0xb884;io_shiftkey
468;0xb884;io_shiftkey
469;0xb884;io_shiftkey
470;0xb770;setphysic
471;0xb7ee;SYS_GetMouse
472;0xb812;SYS_Joystick
473;0xb884;io_shiftkey
474;0xb884;io_shiftkey
475;0xb884;io_shiftkey
476;0xb7ee;SYS_GetMouse
477;0xb812;SYS_Joystick
478;0xb884;io_shiftkey
479;0xb884;io_shiftkey
480;0xb884;io_shiftkey
481;0xb7ee;SYS_GetMouse
482;0xb812;SYS_Joystick
483;0xb884;io_shiftkey
484;0xb884;io_shiftkey
485;0xb884;io_shiftkey
486;0xb770;setphysic
487;0xb7ee;SYS_GetMouse
488;0xb812;SYS_Joystick
489;0xb884;io_shiftkey
490;0xb884;io_shiftkey
491;0xb884;io_shiftkey
492;0xb7ee;SYS_GetMouse
493;0xb812;SYS_Joystick
494;0xb884;io_shiftkey
495;0xb884;io_shiftkey
496;0xb884;io_shiftkey
497;0xb7ee;SYS_GetMouse
498;0xb812;SYS_Joystick
499;0xb884;io_shiftkey
500;0xb884;io_shiftkey
501;0xb884;io_shiftkey
502;0xb770;setphysic
503;0xb7ee;SYS_GetMouse
504;0xb812;SYS_Joystick
505;0xb884;io_shiftkey
506;0xb884;io_shiftkey
507;0xb884;io_shiftkey
508;0xb7ee;SYS_GetMouse
509;0xb812;SYS_Joystick
510;0xb884;io_shiftkey
511;0xb884;io_shiftkey
512;0xb884;io_shiftkey
513;0xb7ee;SYS_GetMouse
514;0xb812;SYS_Joystick
515;0xb884;io_shiftkey
516;0xb884;io_shiftkey
517;0xb884;io_shiftkey
518;0xb770;setphysic
519;0xb7ee;SYS_GetMouse
520;0xb812;SYS_Joystick
521;0xb884;io_shiftkey
522;0xb884;io_shiftkey
523;0xb884;io_shiftkey
524;0xb7ee;SYS_GetMouse
525;0xb812;SYS_Joystick
526;0xb884;io_shiftkey
527;0xb884;io_shiftkey
528;0xb884;io_shiftkey
529;0xb7ee;SYS_GetMouse
530;0xb812;SYS_Joystick
531;0xb884;io_shiftkey
532;0xb884;io_shiftkey
533;0xb884;io_shiftkey
534;0xb770;setphysic
535;0xb7ee;SYS_GetMouse
536;0xb812;SYS_Joystick
537;0xb884;io_shiftkey
538;0xb884;io_shiftkey
539;0xb884;io_shiftkey
540;0xb7ee;SYS_GetMouse
541;0xb812;SYS_Joystick
542;0xb884;io_shiftkey
543;0xb884;io_shiftkey
544;0xb884;io_shiftkey
545;0xb7ee;SYS_GetMouse
546;0xb812;SYS_Joystick
547;0xb884;io_shiftkey
548;0xb884;io_shiftkey
549;0xb884;io_shiftkey
550;0xb770;setphysic
551;0xb7ee;SYS_GetMouse
552;0xb812;SYS_Joystick
553;0xb884;io_shiftkey
554;0xb884;io_shiftkey
555;0xb884;io_shiftkey
556;0xb7ee;SYS_GetMouse
557;0xb812;SYS_Joystick
558;0xb884;io_shiftkey
559;0xb884;io_shiftkey
560;0xb884;io_shiftkey
561;0xb7ee;SYS_GetMouse
562;0xb812;SYS_Joystick
563;0xb884;io_shiftkey
564;0xb884;io_shiftkey
565;0xb884;io_shiftkey
566;0xb770;setphysic
567;0xb7ee;SYS_GetMouse
568;0xb812;SYS_Joystick
569;0xb884;io_shiftkey
570;0xb884;io_shiftkey
571;0xb884;io_shiftkey
572;0xb7ee;SYS_GetMouse
573;0xb812;SYS_Joystick
574;0xb884;io_shiftkey
575;0xb884;io_shiftkey
576;0xb884;io_shiftkey
577;0xb7ee;SYS_GetMouse
578;0xb812;SYS_Joystick
579;0xb884;io_shiftkey
580;0xb884;io_shiftkey
581;0xb884;io_shiftkey
582;0xb228;INT_ExceptionVector0x18
583;0xb770;setphysic
584;0xb7ee;SYS_GetMouse
585;0xb812;SYS_Joystick
586;0xb884;io_shiftkey
587;0xb884;io_shiftkey
588;0xb884;io_shiftkey
589;0xb7ee;SYS_GetMouse
590;0xb812;SYS_Joystick
591;0xb884;io_shiftkey
592;0xb884;io_shiftkey
593;0xb884;io_shiftkey
594;0xb7ee;SYS_GetMouse
595;0xb812;SYS_Joystick
596;0xb884;io_shiftkey
597;0xb884;io_shiftkey
598;0xb884;io_shiftkey
599;0xb770;setphysic
600;0xb7ee;SYS_GetMouse
601;0xb812;SYS_Joystick
602;0xb884;io_shiftkey
603;0xb884;io_shiftkey
604;0xb884;io_shiftkey
605;0xb7ee;SYS_GetMouse
606;0xb812;SYS_Joystick
607;0xb884;io_shiftkey
608;0xb884;io_shiftkey
609;0xb884;io_shiftkey
610;0xb7ee;SYS_GetMouse
611;0xb812;SYS_Joystick
612;0xb884;io_shiftkey
613;0xb884;io_shiftkey
614;0xb884;io_shiftkey
615;0xb770;setphysic
616;0xb7ee;SYS_GetMouse
617;0xb812;SYS_Joystick
618;0xb884;io_shiftkey
619;0xb884;io_shiftkey
620;0xb884;io_shiftkey
621;0xb7ee;SYS_GetMouse
622;0xb812;SYS_Joystick
623;0xb884;io_shiftkey
624;0xb884;io_shiftkey
625;0xb884;io_shiftkey
626;0xb7ee;SYS_GetMouse
627;0xb812;SYS_Joystick
628;0xb884;io_shiftkey
629;0xb884;io_shiftkey
630;0xb884;io_shiftkey
631;0xb770;setphysic
632;0xb7ee;SYS_GetMouse
633;0xb812;SYS_Joystick
634;0xb884;io_shiftkey
635;0xb884;io_shiftkey
636;0xb884;io_shiftkey
637;0xb7ee;SYS_GetMouse
638;0xb812;SYS_Joystick
639;0xb884;io_shiftkey
640;0xb884;io_shiftkey
641;0xb884;io_shiftkey
642;0xb7ee;SYS_GetMouse
643;0xb812;SYS_Joystick
644;0xb884;io_shiftkey
645;0xb884;io_shiftkey
646;0xb884;io_shiftkey
647;0xb770;setphysic
648;0xb7ee;SYS_GetMouse
649;0xb812;SYS_Joystick
650;0xb884;io_shiftkey
651;0xb884;io_shiftkey
652;0xb884;io_shiftkey
653;0xb7ee;SYS_GetMouse
654;0xb812;SYS_Joystick
655;0xb884;io_shiftkey
656;0xb884;io_shiftkey
657;0xb884;io_shiftkey
658;0xb7ee;SYS_GetMouse
659;0xb812;SYS_Joystick
660;0xb884;io_shiftkey
661;0xb884;io_shiftkey
662;0xb884;io_shiftkey
663;0xb770;setphysic
664;0xb7ee;SYS_GetMouse
665;0xb812;SYS_Joystick
666;0xb884;io_shiftkey
667;0xb884;io_shiftkey
668;0xb884;io_shiftkey
669;0xb7ee;SYS_GetMouse
670;0xb812;SYS_Joystick
671;0xb884;io_shiftkey
672;0xb884;io_shiftkey
673;0xb884;io_shiftkey
674;0xb7ee;SYS_GetMouse
675;0xb812;SYS_Joystick
676;0xb884;io_shiftkey
677;0xb884;io_shiftkey
678;0xb884;io_shiftkey
679;0xb770;setphysic
680;0xb7ee;SYS_GetMouse
681;0xb812;SYS_Joystick
682;0xb884;io_shiftkey
683;0xb884;io_shiftkey
684;0xb884;io_shiftkey
685;0xb7ee;SYS_GetMouse
686;0xb812;SYS_Joystick
687;0xb884;io_shiftkey
688;0xb884;io_shiftkey
689;0xb884;io_shiftkey
690;0xb7ee;SYS_GetMouse
691;0xb812;SYS_Joystick
692;0xb884;io_shiftkey
693;0xb884;io_shiftkey
694;0xb884;io_shiftkey
695;0xb770;setphysic
696;0xb7ee;SYS_GetMouse
697;0xb812;SYS_Joystick
698;0xb884;io_shiftkey
699;0xb884;io_shiftkey
700;0xb884;io_shiftkey
701;0xb7ee;SYS_GetMouse
702;0xb812;SYS_Joystick
703;0xb884;io_shiftkey
704;0xb884;io_shiftkey
705;0xb884;io_shiftkey
706;0xb7ee;SYS_GetMouse
707;0xb812;SYS_Joystick
708;0xb884;io_shiftkey
709;0xb884;io_shiftkey
710;0xb884;io_shiftkey
711;0xb770;setphysic
712;0xb7ee;SYS_GetMouse
713;0xb812;SYS_Joystick
714;0xb884;io_shiftkey
715;0xb884;io_shiftkey
716;0xb884;io_shiftkey
717;0xb7ee;SYS_GetMouse
718;0xb812;SYS_Joystick
719;0xb884;io_shiftkey
720;0xb884;io_shiftkey
721;0xb884;io_shiftkey
722;0xb7ee;SYS_GetMouse
723;0xb812;SYS_Joystick
724;0xb884;io_shiftkey
725;0xb884;io_shiftkey
726;0xb884;io_shiftkey
727;0xb770;setphysic
728;0xb7ee;SYS_GetMouse
729;0xb812;SYS_Joystick
730;0xb884;io_shiftkey
731;0xb884;io_shiftkey
732;0xb884;io_shiftkey
733;0xb7ee;SYS_GetMouse
734;0xb812;SYS_Joystick
735;0xb884;io_shiftkey
736;0xb884;io_shiftkey
737;0xb884;io_shiftkey
738;0xb7ee;SYS_GetMouse
739;0xb812;SYS_Joystick
740;0xb884;io_shiftkey
741;0xb884;io_shiftkey
742;0xb884;io_shiftkey
743;0xb770;setphysic
744;0xb7ee;SYS_GetMouse
745;0xb812;SYS_Joystick
746;0xb884;io_shiftkey
747;0xb884;io_shiftkey
748;0xb884;io_shiftkey
749;0xb7ee;SYS_GetMouse
750;0xb812;SYS_Joystick
751;0xb884;io_shiftkey
752;0xb884;io_shiftkey
753;0xb884;io_shiftkey
754;0xb7ee;SYS_GetMouse
755;0xb812;SYS_Joystick
756;0xb884;io_shiftkey
757;0xb884;io_shiftkey
758;0xb884;io_shiftkey
759;0xb770;setphysic
760;0xb7ee;SYS_GetMouse
761;0xb812;SYS_Joystick
762;0xb884;io_shiftkey
763;0xb884;io_shiftkey
764;0xb884;io_shiftkey
765;0xb7ee;SYS_GetMouse
766;0xb812;SYS_Joystick
767;0xb884;io_shiftkey
768;0xb884;io_shiftkey
769;0xb884;io_shiftkey
770;0xb7ee;SYS_GetMouse
771;0xb812;SYS_Joystick
772;0xb884;io_shiftkey
773;0xb884;io_shiftkey
774;0xb884;io_shiftkey
775;0xb770;setphysic
776;0xb7ee;SYS_GetMouse
777;0xb812;SYS_Joystick
778;0xb884;io_shiftkey
779;0xb884;io_shiftkey
780;0xb884;io_shiftkey
781;0xb7ee;SYS_GetMouse
782;0xb812;SYS_Joystick
783;0xb884;io_shiftkey
784;0xb884;io_shiftkey
785;0xb884;io_shiftkey
786;0xb7ee;SYS_GetMouse
787;0xb812;SYS_Joystick
788;0xb884;io_shiftkey
789;0xb884;io_shiftkey
790;0xb884;io_shiftkey
791;0xb770;setphysic
792;0xb7ee;SYS_GetMouse
793;0xb812;SYS_Joystick
794;0xb884;io_shiftkey
795;0xb884;io_shiftkey
796;0xb884;io_shiftkey
797;0xb7ee;SYS_GetMouse
798;0xb812;SYS_Joystick
799;0xb884;io_shiftkey
800;0xb884;io_shiftkey
801;0xb884;io_shiftkey
802;0xb7ee;SYS_GetMouse
803;0xb812;SYS_Joystick
804;0xb884;io_shiftkey
805;0xb884;io_shiftkey
806;0xb884;io_shiftkey
807;0xb770;setphysic
808;0xb7ee;SYS_GetMouse
809;0xb812;SYS_Joystick
810;0xb884;io_shiftkey
811;0xb884;io_shiftkey
812;0xb884;io_shiftkey
813;0xb7ee;SYS_GetMouse
814;0xb812;SYS_Joystick
815;0xb884;io_shiftkey
816;0xb884;io_shiftkey
817;0xb884;io_shiftkey
818;0xb7ee;SYS_GetMouse
819;0xb812;SYS_Joystick
820;0xb884;io_shiftkey
821;0xb884;io_shiftkey
822;0xb884;io_shiftkey
823;0xb770;setphysic
824;0xb7ee;SYS_GetMouse
825;0xb812;SYS_Joystick
826;0xb884;io_shiftkey
827;0xb884;io_shiftkey
828;0xb884;io_shiftkey
829;0xb7ee;SYS_GetMouse
830;0xb812;SYS_Joystick
831;0xb884;io_shiftkey
832;0xb884;io_shiftkey
833;0xb884;io_shiftkey
834;0xb7ee;SYS_GetMouse
835;0xb812;SYS_Joystick
836;0xb884;io_shiftkey
837;0xb884;io_shiftkey
838;0xb884;io_shiftkey
839;0xb770;setphysic
840;0xb7ee;SYS_GetMouse
841;0xb812;SYS_Joystick
842;0xb884;io_shiftkey
843;0xb884;io_shiftkey
844;0xb884;io_shiftkey
845;0xb7ee;SYS_GetMouse
846;0xb812;SYS_Joystick
847;0xb884;io_shiftkey
848;0xb884;io_shiftkey
849;0xb884;io_shiftkey
850;0xb7ee;SYS_GetMouse
851;0xb812;SYS_Joystick
852;0xb884;io_shiftkey
853;0xb884;io_shiftkey
854;0xb884;io_shiftkey
855;0xb770;setphysic
856;0xb7ee;SYS_GetMouse
857;0xb812;SYS_Joystick
858;0xb884;io_shiftkey
859;0xb884;io_shiftkey
860;0xb884;io_shiftkey
861;0xb7ee;SYS_GetMouse
862;0xb812;SYS_Joystick
863;0xb884;io_shiftkey
864;0xb884;io_shiftkey
865;0xb884;io_shiftkey
866;0xb7ee;SYS_GetMouse
867;0xb812;SYS_Joystick
868;0xb884;io_shiftkey
869;0xb884;io_shiftkey
870;0xb884;io_shiftkey
871;0xb770;setphysic
872;0xb7ee;SYS_GetMouse
873;0xb812;SYS_Joystick
874;0xb884;io_shiftkey
875;0xb884;io_shiftkey
876;0xb884;io_shiftkey
877;0xb7ee;SYS_GetMouse
878;0xb812;SYS_Joystick
879;0xb884;io_shiftkey
880;0xb884;io_shiftkey
881;0xb884;io_shiftkey
882;0xb7ee;SYS_GetMouse
883;0xb812;SYS_Joystick
884;0xb884;io_shiftkey
885;0xb884;io_shiftkey
886;0xb884;io_shiftkey
887;0xb770;setphysic
888;0xb7ee;SYS_GetMouse
889;0xb812;SYS_Joystick
890;0xb884;io_shiftkey
891;0xb884;io_shiftkey
892;0xb884;io_shiftkey
893;0xb7ee;SYS_GetMouse
894;0xb812;SYS_Joystick
895;0xb884;io_shiftkey
896;0xb884;io_shiftkey
897;0xb884;io_shiftkey
898;0xb7ee;SYS_GetMouse
899;0xb812;SYS_Joystick
900;0xb884;io_shiftkey
901;0xb884;io_shiftkey
902;0xb884;io_shiftkey
903;0xb770;setphysic
904;0xb7ee;SYS_GetMouse
905;0xb812;SYS_Joystick
906;0xb884;io_shiftkey
907;0xb884;io_shiftkey
908;0xb884;io_shiftkey
909;0xb7ee;SYS_GetMouse
910;0xb812;SYS_Joystick
911;0xb884;io_shiftkey
912;0xb884;io_shiftkey
913;0xb884;io_shiftkey
914;0xb7ee;SYS_GetMouse
915;0xb812;SYS_Joystick
916;0xb884;io_shiftkey
917;0xb884;io_shiftkey
918;0xb884;io_shiftkey
919;0xb770;setphysic
920;0xb7ee;SYS_GetMouse
921;0xb812;SYS_Joystick
922;0xb884;io_shiftkey
923;0xb884;io_shiftkey
924;0xb884;io_shiftkey
925;0xb7ee;SYS_GetMouse
926;0xb812;SYS_Joystick
927;0xb884;io_shiftkey
928;0xb884;io_shiftkey
929;0xb884;io_shiftkey
930;0xb7ee;SYS_GetMouse
931;0xb812;SYS_Joystick
932;0xb884;io_shiftkey
933;0xb884;io_shiftkey
934;0xb884;io_shiftkey
935;0xb770;setphysic
936;0xb7ee;SYS_GetMouse
937;0xb812;SYS_Joystick
938;0xb884;io_shiftkey
939;0xb884;io_shiftkey
940;0xb884;io_shiftkey
941;0xb7ee;SYS_GetMouse
942;0xb812;SYS_Joystick
943;0xb884;io_shiftkey
944;0xb884;io_shiftkey
945;0xb884;io_shiftkey
946;0xb7ee;SYS_GetMouse
947;0xb812;SYS_Joystick
948;0xb884;io_shiftkey
949;0xb884;io_shiftkey
950;0xb884;io_shiftkey
951;0xb770;setphysic
952;0xb7ee;SYS_GetMouse
953;0xb812;SYS_Joystick
954;0xb884;io_shiftkey
955;0xb884;io_shiftkey
956;0xb884;io_shiftkey
957;0xb7ee;SYS_GetMouse
958;0xb812;SYS_Joystick
959;0xb884;io_shiftkey
960;0xb884;io_shiftkey
961;0xb884;io_shiftkey
962;0xb7ee;SYS_GetMouse
963;0xb812;SYS_Joystick
964;0xb884;io_shiftkey
965;0xb884;io_shiftkey
966;0xb884;io_shiftkey
967;0xb770;setphysic
968;0xb7ee;SYS_GetMouse
969;0xb812;SYS_Joystick
970;0xb884;io_shiftkey
971;0xb884;io_shiftkey
972;0xb884;io_shiftkey
973;0xb7ee;SYS_GetMouse
974;0xb812;SYS_Joystick
975;0xb884;io_shiftkey
976;0xb884;io_shiftkey
977;0xb884;io_shiftkey
978;0xb7ee;SYS_GetMouse
979;0xb812;SYS_Joystick
980;0xb884;io_shiftkey
981;0xb884;io_shiftkey
982;0xb884;io_shiftkey
983;0xb770;setphysic
984;0xb7ee;SYS_GetMouse
985;0xb812;SYS_Joystick
986;0xb884;io_shiftkey
987;0xb884;io_shiftkey
988;0xb884;io_shiftkey
989;0xb7ee;SYS_GetMouse
990;0xb812;SYS_Joystick
991;0xb884;io_shiftkey
992;0xb884;io_shiftkey
993;0xb884;io_shiftkey
994;0xb7ee;SYS_GetMouse
995;0xb812;SYS_Joystick
996;0xb884;io_shiftkey
997;0xb884;io_shiftkey
998;0xb884;io_shiftkey
999;0xb770;setphysic
1000;0xb7ee;SYS_GetMouse
1001;0xb812;SYS_Joystick
1002;0xb884;io_shiftkey
1003;0xb884;io_shiftkey
1004;0xb884;io_shiftkey
1005;0xb7ee;SYS_GetMouse
1006;0xb812;SYS_Joystick
1007;0xb884;io_shiftkey
1008;0xb884;io_shiftkey
1009;0xb884;io_shiftkey
1010;0xb7ee;SYS_GetMouse
1011;0xb812;SYS_Joystick
1012;0xb884;io_shiftkey
1013;0xb884;io_shiftkey
1014;0xb884;io_shiftkey
1015;0xb770;setphysic
1016;0xb7ee;SYS_GetMouse
1017;0xb812;SYS_Joystick
1018;0xb884;io_shiftkey
1019;0xb884;io_shiftkey
1020;0xb884;io_shiftkey
1021;0xb7ee;SYS_GetMouse
1022;0xb812;SYS_Joystick
1023;0xb884;io_shiftkey
1024;0xb884;io_shiftkey
1025;0xb884;io_shiftkey
1026;0xb7ee;SYS_GetMouse
1027;0xb812;SYS_Joystick
1028;0xb884;io_shiftkey
1029;0xb884;io_shiftkey
1030;0xb884;io_shiftkey
1031;0xb7ee;SYS_GetMouse
1032;0xb812;SYS_Joystick
1033;0xb884;io_shiftkey
1034;0xb884;io_shiftkey
1035;0xb884;io_shiftkey
1036;0xb7ee;SYS_GetMouse
1037;0xb812;SYS_Joystick
1038;0xb884;io_shiftkey
1039;0xb884;io_shiftkey
1040;0xb884;io_shiftkey
1041;0xb7ee;SYS_GetMouse
1042;0xb812;SYS_Joystick
1043;0xb884;io_shiftkey
1044;0xb884;io_shiftkey
1045;0xb884;io_shiftkey
1046;0xb770;setphysic
1047;0xb7ee;SYS_GetMouse
1048;0xb812;SYS_Joystick
1049;0xb884;io_shiftkey
1050;0xb884;io_shiftkey
1051;0xb884;io_shiftkey
1052;0xb7ee;SYS_GetMouse
1053;0xb812;SYS_Joystick
1054;0xb884;io_shiftkey
1055;0xb884;io_shiftkey
1056;0xb884;io_shiftkey
1057;0xb7ee;SYS_GetMouse
1058;0xb812;SYS_Joystick
1059;0xb884;io_shiftkey
1060;0xb884;io_shiftkey
1061;0xb884;io_shiftkey
1062;0xb7ee;SYS_GetMouse
1063;0xb812;SYS_Joystick
1064;0xb884;io_shiftkey
1065;0xb884;io_shiftkey
1066;0xb884;io_shiftkey
1067;0xb7ee;SYS_GetMouse
1068;0xb812;SYS_Joystick
1069;0xb884;io_shiftkey
1070;0xb884;io_shiftkey
1071;0xb884;io_shiftkey
1072;0xb7ee;SYS_GetMouse
1073;0xb812;SYS_Joystick
1074;0xb884;io_shiftkey
1075;0xb884;io_shiftkey
1076;0xb884;io_shiftkey
1077;0xb770;setphysic
1078;0xb7ee;SYS_GetMouse
1079;0xb812;SYS_Joystick
1080;0xb884;io_shiftkey
1081;0xb884;io_shiftkey
1082;0xb884;io_shiftkey
1083;0xb7ee;SYS_GetMouse
1084;0xb812;SYS_Joystick
1085;0xb884;io_shiftkey
1086;0xb884;io_shiftkey
1087;0xb884;io_shiftkey
1088;0xb7ee;SYS_GetMouse
1089;0xb812;SYS_Joystick
1090;0xb884;io_shiftkey
1091;0xb884;io_shiftkey
1092;0xb884;io_shiftkey
1093;0xb7ee;SYS_GetMouse
1094;0xb812;SYS_Joystick
1095;0xb884;io_shiftkey
1096;0xb884;io_shiftkey
1097;0xb884;io_shiftkey
1098;0xb7ee;SYS_GetMouse
1099;0xb812;SYS_Joystick
1100;0xb884;io_shiftkey
1101;0xb884;io_shiftkey
1102;0xb884;io_shiftkey
1103;0xb7ee;SYS_GetMouse
1104;0xb812;SYS_Joystick
1105;0xb884;io_shiftkey
1106;0xb884;io_shiftkey
1107;0xb884;io_shiftkey
1108;0xb770;setphysic
1109;0xb7ee;SYS_GetMouse
1110;0xb812;SYS_Joystick
1111;0xb884;io_shiftkey
1112;0xb884;io_shiftkey
1113;0xb884;io_shiftkey
1114;0xb7ee;SYS_GetMouse
1115;0xb812;SYS_Joystick
1116;0xb884;io_shiftkey
1117;0xb884;io_shiftkey
1118;0xb884;io_shiftkey
1119;0xb7ee;SYS_GetMouse
1120;0xb812;SYS_Joystick
1121;0xb884;io_shiftkey
1122;0xb884;io_shiftkey
1123;0xb884;io_shiftkey
1124;0xb7ee;SYS_GetMouse
1125;0xb812;SYS_Joystick
1126;0xb884;io_shiftkey
1127;0xb884;io_shiftkey
1128;0xb884;io_shiftkey
1129;0xb7ee;SYS_GetMouse
1130;0xb812;SYS_Joystick
1131;0xb884;io_shiftkey
1132;0xb884;io_shiftkey
1133;0xb884;io_shiftkey
1134;0xb7ee;SYS_GetMouse
1135;0xb812;SYS_Joystick
1136;0xb884;io_shiftkey
1137;0xb884;io_shiftkey
1138;0xb884;io_shiftkey
1139;0xb770;setphysic
1140;0xb7ee;SYS_GetMouse
1141;0xb812;SYS_Joystick
1142;0xb884;io_shiftkey
1143;0xb884;io_shiftkey
1144;0xb884;io_shiftkey
1145;0xb7ee;SYS_GetMouse
1146;0xb812;SYS_Joystick
1147;0xb884;io_shiftkey
1148;0xb884;io_shiftkey
1149;0xb884;io_shiftkey
1150;0xb7ee;SYS_GetMouse
1151;0xb812;SYS_Joystick
1152;0xb884;io_shiftkey
1153;0xb884;io_shiftkey
1154;0xb884;io_shiftkey
1155;0xb7ee;SYS_GetMouse
1156;0xb812;SYS_Joystick
1157;0xb884;io_shiftkey
1158;0xb884;io_shiftkey
1159;0xb884;io_shiftkey
1160;0xb7ee;SYS_GetMouse
1161;0xb812;SYS_Joystick
1162;0xb884;io_shiftkey
1163;0xb884;io_shiftkey
1164;0xb884;io_shiftkey
1165;0xb7ee;SYS_GetMouse
1166;0xb812;SYS_Joystick
1167;0xb884;io_shiftkey
1168;0xb884;io_shiftkey
1169;0xb884;io_shiftkey
1170;0xb770;setphysic
1171;0xb7ee;SYS_GetMouse
1172;0xb812;SYS_Joystick
1173;0xb884;io_shiftkey
1174;0xb884;io_shiftkey
1175;0xb884;io_shiftkey
1176;0xb7ee;SYS_GetMouse
1177;0xb812;SYS_Joystick
1178;0xb884;io_shiftkey
1179;0xb884;io_shiftkey
1180;0xb884;io_shiftkey
1181;0xb7ee;SYS_GetMouse
1182;0xb812;SYS_Joystick
1183;0xb884;io_shiftkey
1184;0xb884;io_shiftkey
1185;0xb884;io_shiftkey
1186;0xb7ee;SYS_GetMouse
1187;0xb812;SYS_Joystick
1188;0xb884;io_shiftkey
1189;0xb884;io_shiftkey
1190;0xb884;io_shiftkey
1191;0xb7ee;SYS_GetMouse
1192;0xb812;SYS_Joystick
1193;0xb884;io_shiftkey
1194;0xb884;io_shiftkey
1195;0xb884;io_shiftkey
1196;0xb7ee;SYS_GetMouse
1197;0xb812;SYS_Joystick
1198;0xb884;io_shiftkey
1199;0xb884;io_shiftkey
1200;0xb884;io_shiftkey
1201;0xb770;setphysic
1202;0xb7ee;SYS_GetMouse
1203;0xb812;SYS_Joystick
1204;0xb884;io_shiftkey
1205;0xb884;io_shiftkey
1206;0xb884;io_shiftkey
1207;0xb7ee;SYS_GetMouse
1208;0xb812;SYS_Joystick
1209;0xb884;io_shiftkey
1210;0xb884;io_shiftkey
1211;0xb884;io_shiftkey
1212;0xb7ee;SYS_GetMouse
1213;0xb812;SYS_Joystick
1214;0xb884;io_shiftkey
1215;0xb884;io_shiftkey
1216;0xb884;io_shiftkey
1217;0xb7ee;SYS_GetMouse
1218;0xb812;SYS_Joystick
1219;0xb884;io_shiftkey
1220;0xb884;io_shiftkey
1221;0xb884;io_shiftkey
1222;0xb7ee;SYS_GetMouse
1223;0xb812;SYS_Joystick
1224;0xb884;io_shiftkey
1225;0xb884;io_shiftkey
1226;0xb884;io_shiftkey
1227;0xb7ee;SYS_GetMouse
1228;0xb812;SYS_Joystick
1229;0xb884;io_shiftkey
1230;0xb884;io_shiftkey
1231;0xb884;io_shiftkey
1232;0xb770;setphysic
1233;0xb7ee;SYS_GetMouse
1234;0xb812;SYS_Joystick
1235;0xb884;io_shiftkey
1236;0xb884;io_shiftkey
1237;0xb884;io_shiftkey
1238;0xb7ee;SYS_GetMouse
1239;0xb812;SYS_Joystick
1240;0xb884;io_shiftkey
1241;0xb884;io_shiftkey
1242;0xb884;io_shiftkey
1243;0xb7ee;SYS_GetMouse
1244;0xb812;SYS_Joystick
1245;0xb884;io_shiftkey
1246;0xb884;io_shiftkey
1247;0xb884;io_shiftkey
1248;0xb7ee;SYS_GetMouse
1249;0xb812;SYS_Joystick
1250;0xb884;io_shiftkey
1251;0xb884;io_shiftkey
1252;0xb884;io_shiftkey
1253;0xb7ee;SYS_GetMouse
1254;0xb812;SYS_Joystick
1255;0xb884;io_shiftkey
1256;0xb884;io_shiftkey
1257;0xb884;io_shiftkey
1258;0xb7ee;SYS_GetMouse
1259;0xb812;SYS_Joystick
1260;0xb884;io_shiftkey
1261;0xb884;io_shiftkey
1262;0xb884;io_shiftkey
1263;0xb770;setphysic
1264;0xb7ee;SYS_GetMouse
1265;0xb812;SYS_Joystick
1266;0xb884;io_shiftkey
1267;0xb884;io_shiftkey
1268;0xb884;io_shiftkey
1269;0xb7ee;SYS_GetMouse
1270;0xb812;SYS_Joystick
1271;0xb884;io_shiftkey
1272;0xb884;io_shiftkey
1273;0xb884;io_shiftkey
1274;0xb7ee;SYS_GetMouse
1275;0xb812;SYS_Joystick
1276;0xb884;io_shiftkey
1277;0xb884;io_shiftkey
1278;0xb884;io_shiftkey
1279;0xb7ee;SYS_GetMouse
1280;0xb812;SYS_Joystick
1281;0xb884;io_shiftkey
1282;0xb884;io_shiftkey
1283;0xb884;io_shiftkey
1284;0xb7ee;SYS_GetMouse
1285;0xb812;SYS_Joystick
1286;0xb884;io_shiftkey
1287;0xb884;io_shiftkey
1288;0xb884;io_shiftkey
1289;0xb7ee;SYS_GetMouse
1290;0xb812;SYS_Joystick
1291;0xb884;io_shiftkey
1292;0xb884;io_shiftkey
1293;0xb884;io_shiftkey
1294;0xb770;setphysic
1295;0xb7ee;SYS_GetMouse
1296;0xb812;SYS_Joystick
1297;0xb884;io_shiftkey
1298;0xb884;io_shiftkey
1299;0xb884;io_shiftkey
1300;0xb7ee;SYS_GetMouse
1301;0xb812;SYS_Joystick
1302;0xb884;io_shiftkey
1303;0xb884;io_shiftkey
1304;0xb884;io_shiftkey
1305;0xb7ee;SYS_GetMouse
1306;0xb812;SYS_Joystick
1307;0xb884;io_shiftkey
1308;0xb884;io_shiftkey
1309;0xb884;io_shiftkey
1310;0xb7ee;SYS_GetMouse
1311;0xb812;SYS_Joystick
1312;0xb884;io_shiftkey
1313;0xb884;io_shiftkey
1314;0xb884;io_shiftkey
1315;0xb7ee;SYS_GetMouse
1316;0xb812;SYS_Joystick
1317;0xb884;io_shiftkey
1318;0xb884;io_shiftkey
1319;0xb884;io_shiftkey
1320;0xb7ee;SYS_GetMouse
1321;0xb812;SYS_Joystick
1322;0xb884;io_shiftkey
1323;0xb884;io_shiftkey
1324;0xb884;io_shiftkey
1325;0xb770;setphysic
1326;0xb7ee;SYS_GetMouse
1327;0xb812;SYS_Joystick
1328;0xb884;io_shiftkey
1329;0xb884;io_shiftkey
1330;0xb884;io_shiftkey
1331;0xb7ee;SYS_GetMouse
1332;0xb812;SYS_Joystick
1333;0xb884;io_shiftkey
1334;0xb884;io_shiftkey
1335;0xb884;io_shiftkey
1336;0xb7ee;SYS_GetMouse
1337;0xb812;SYS_Joystick
1338;0xb884;io_shiftkey
1339;0xb884;io_shiftkey
1340;0xb884;io_shiftkey
1341;0xb7ee;SYS_GetMouse
1342;0xb812;SYS_Joystick
1343;0xb884;io_shiftkey
1344;0xb884;io_shiftkey
1345;0xb884;io_shiftkey
1346;0xb7ee;SYS_GetMouse
1347;0xb812;SYS_Joystick
1348;0xb884;io_shiftkey
1349;0xb884;io_shiftkey
1350;0xb884;io_shiftkey
1351;0xb7ee;SYS_GetMouse
1352;0xb812;SYS_Joystick
1353;0xb884;io_shiftkey
1354;0xb884;io_shiftkey
1355;0xb884;io_shiftkey
1356;0xb770;setphysic
1357;0xb7ee;SYS_GetMouse
1358;0xb812;SYS_Joystick
1359;0xb884;io_shiftkey
1360;0xb884;io_shiftkey
1361;0xb884;io_shiftkey
1362;0xb7ee;SYS_GetMouse
1363;0xb812;SYS_Joystick
1364;0xb884;io_shiftkey
1365;0xb884;io_shiftkey
1366;0xb884;io_shiftkey
1367;0xb7ee;SYS_GetMouse
1368;0xb812;SYS_Joystick
1369;0xb884;io_shiftkey
1370;0xb884;io_shiftkey
1371;0xb884;io_shiftkey
1372;0xb7ee;SYS_GetMouse
1373;0xb812;SYS_Joystick
1374;0xb884;io_shiftkey
1375;0xb884;io_shiftkey
1376;0xb884;io_shiftkey
1377;0xb7ee;SYS_GetMouse
1378;0xb812;SYS_Joystick
1379;0xb884;io_shiftkey
1380;0xb884;io_shiftkey
1381;0xb884;io_shiftkey
1382;0xb7ee;SYS_GetMouse
1383;0xb812;SYS_Joystick
1384;0xb884;io_shiftkey
1385;0xb884;io_shiftkey
1386;0xb884;io_shiftkey
1387;0xb770;setphysic
1388;0xb7ee;SYS_GetMouse
1389;0xb812;SYS_Joystick
1390;0xb884;io_shiftkey
1391;0xb884;io_shiftkey
1392;0xb884;io_shiftkey
1393;0xb7ee;SYS_GetMouse
1394;0xb812;SYS_Joystick
1395;0xb884;io_shiftkey
1396;0xb884;io_shiftkey
1397;0xb884;io_shiftkey
1398;0xb7ee;SYS_GetMouse
1399;0xb812;SYS_Joystick
1400;0xb884;io_shiftkey
1401;0xb884;io_shiftkey
1402;0xb884;io_shiftkey
1403;0xb7ee;SYS_GetMouse
1404;0xb812;SYS_Joystick
1405;0xb884;io_shiftkey
1406;0xb884;io_shiftkey
1407;0xb884;io_shiftkey
1408;0xb7ee;SYS_GetMouse
1409;0xb812;SYS_Joystick
1410;0xb884;io_shiftkey
1411;0xb884;io_shiftkey
1412;0xb884;io_shiftkey
1413;0xb7ee;SYS_GetMouse
1414;0xb812;SYS_Joystick
1415;0xb884;io_shiftkey
1416;0xb884;io_shiftkey
1417;0xb884;io_shiftkey
1418;0xb770;setphysic
1419;0xb7ee;SYS_GetMouse
1420;0xb812;SYS_Joystick
1421;0xb884;io_shiftkey
1422;0xb884;io_shiftkey
1423;0xb884;io_shiftkey
1424;0xb7ee;SYS_GetMouse
1425;0xb812;SYS_Joystick
1426;0xb884;io_shiftkey
1427;0xb884;io_shiftkey
1428;0xb884;io_shiftkey
1429;0xb7ee;SYS_GetMouse
1430;0xb812;SYS_Joystick
1431;0xb884;io_shiftkey
1432;0xb884;io_shiftkey
1433;0xb884;io_shiftkey
1434;0xb7ee;SYS_GetMouse
1435;0xb812;SYS_Joystick
1436;0xb884;io_shiftkey
1437;0xb884;io_shiftkey
1438;0xb884;io_shiftkey
1439;0xb7ee;SYS_GetMouse
1440;0xb812;SYS_Joystick
1441;0xb884;io_shiftkey
1442;0xb884;io_shiftkey
1443;0xb884;io_shiftkey
1444;0xb7ee;SYS_GetMouse
1445;0xb812;SYS_Joystick
1446;0xb884;io_shiftkey
1447;0xb884;io_shiftkey
1448;0xb884;io_shiftkey
1449;0xb770;setphysic
1450;0xb7ee;SYS_GetMouse
1451;0xb812;SYS_Joystick
1452;0xb884;io_shiftkey
1453;0xb884;io_shiftkey
1454;0xb884;io_shiftkey
1455;0xb7ee;SYS_GetMouse
1456;0xb812;SYS_Joystick
1457;0xb884;io_shiftkey
1458;0xb884;io_shiftkey
1459;0xb884;io_shiftkey
1460;0xb7ee;SYS_GetMouse
1461;0xb812;SYS_Joystick
1462;0xb884;io_shiftkey
1463;0xb884;io_shiftkey
1464;0xb884;io_shiftkey
1465;0xb7ee;SYS_GetMouse
1466;0xb812;SYS_Joystick
1467;0xb884;io_shiftkey
1468;0xb884;io_shiftkey
1469;0xb884;io_shiftkey
1470;0xb7ee;SYS_GetMouse
1471;0xb812;SYS_Joystick
1472;0xb884;io_shiftkey
1473;0xb884;io_shiftkey
1474;0xb884;io_shiftkey
1475;0xb7ee;SYS_GetMouse
1476;0xb812;SYS_Joystick
1477;0xb884;io_shiftkey
1478;0xb884;io_shiftkey
1479;0xb884;io_shiftkey
1480;0xb770;setphysic
1481;0xb7ee;SYS_GetMouse
1482;0xb812;SYS_Joystick
1483;0xb884;io_shiftkey
1484;0xb884;io_shiftkey
1485;0xb884;io_shiftkey
1486;0xb7ee;SYS_GetMouse
1487;0xb812;SYS_Joystick
1488;0xb884;io_shiftkey
1489;0xb884;io_shiftkey
1490;0xb884;io_shiftkey
1491;0xb7ee;SYS_GetMouse
1492;0xb812;SYS_Joystick
1493;0xb884;io_shiftkey
1494;0xb884;io_shiftkey
1495;0xb884;io_shiftkey
1496;0xb7ee;SYS_GetMouse
1497;0xb812;SYS_Joystick
1498;0xb884;io_shiftkey
1499;0xb884;io_shiftkey
1500;0xb884;io_shiftkey
1501;0xb7ee;SYS_GetMouse
1502;0xb812;SYS_Joystick
1503;0xb884;io_shiftkey
1504;0xb884;io_shiftkey
1505;0xb884;io_shiftkey
1506;0xb7ee;SYS_GetMouse
1507;0xb812;SYS_Joystick
1508;0xb884;io_shiftkey
1509;0xb884;io_shiftkey
1510;0xb884;io_shiftkey
1511;0xb770;setphysic
1512;0xb7ee;SYS_GetMouse
1513;0xb812;SYS_Joystick
1514;0xb884;io_shiftkey
1515;0xb884;io_shiftkey
1516;0xb884;io_shiftkey
1517;0xb7ee;SYS_GetMouse
1518;0xb812;SYS_Joystick
1519;0xb884;io_shiftkey
1520;0xb884;io_shiftkey
1521;0xb884;io_shiftkey
1522;0xb7ee;SYS_GetMouse
1523;0xb812;SYS_Joystick
1524;0xb884;io_shiftkey
1525;0xb884;io_shiftkey
1526;0xb884;io_shiftkey
1527;0xb7ee;SYS_GetMouse
1528;0xb812;SYS_Joystick
1529;0xb884;io_shiftkey
1530;0xb884;io_shiftkey
1531;0xb884;io_shiftkey
1532;0xb7ee;SYS_GetMouse
1533;0xb812;SYS_Joystick
1534;0xb884;io_shiftkey
1535;0xb884;io_shiftkey
1536;0xb884;io_shiftkey
1537;0xb7ee;SYS_GetMouse
1538;0xb812;SYS_Joystick
1539;0xb884;io_shiftkey
1540;0xb884;io_shiftkey
1541;0xb884;io_shiftkey
1542;0xb770;setphysic
1543;0xb7ee;SYS_GetMouse
1544;0xb812;SYS_Joystick
1545;0xb884;io_shiftkey
1546;0xb884;io_shiftkey
1547;0xb884;io_shiftkey
1548;0xb7ee;SYS_GetMouse
1549;0xb812;SYS_Joystick
1550;0xb884;io_shiftkey
1551;0xb884;io_shiftkey
1552;0xb884;io_shiftkey
1553;0xb7ee;SYS_GetMouse
1554;0xb812;SYS_Joystick
1555;0xb884;io_shiftkey
1556;0xb884;io_shiftkey
1557;0xb884;io_shiftkey
1558;0xb7ee;SYS_GetMouse
1559;0xb812;SYS_Joystick
1560;0xb884;io_shiftkey
1561;0xb884;io_shiftkey
1562;0xb884;io_shiftkey
1563;0xb7ee;SYS_GetMouse
1564;0xb812;SYS_Joystick
1565;0xb884;io_shiftkey
1566;0xb884;io_shiftkey
1567;0xb884;io_shiftkey
1568;0xb7ee;SYS_GetMouse
1569;0xb812;SYS_Joystick
1570;0xb884;io_shiftkey
1571;0xb884;io_shiftkey
1572;0xb884;io_shiftkey
1573;0xb770;setphysic
1574;0xb7ee;SYS_GetMouse
1575;0xb812;SYS_Joystick
1576;0xb884;io_shiftkey
1577;0xb884;io_shiftkey
1578;0xb884;io_shiftkey
1579;0xb7ee;SYS_GetMouse
1580;0xb812;SYS_Joystick
1581;0xb884;io_shiftkey
1582;0xb884;io_shiftkey
1583;0xb884;io_shiftkey
1584;0xb7ee;SYS_GetMouse
1585;0xb812;SYS_Joystick
1586;0xb884;io_shiftkey
1587;0xb884;io_shiftkey
1588;0xb884;io_shiftkey
1589;0xb7ee;SYS_GetMouse
1590;0xb812;SYS_Joystick
1591;0xb884;io_shiftkey
1592;0xb884;io_shiftkey
1593;0xb884;io_shiftkey
1594;0xb7ee;SYS_GetMouse
1595;0xb812;SYS_Joystick
1596;0xb884;io_shiftkey
1597;0xb884;io_shiftkey
1598;0xb884;io_shiftkey
1599;0xb7ee;SYS_GetMouse
1600;0xb812;SYS_Joystick
1601;0xb884;io_shiftkey
1602;0xb884;io_shiftkey
1603;0xb884;io_shiftkey
1604;0xb770;setphysic
1605;0xb7ee;SYS_GetMouse
1606;0xb812;SYS_Joystick
1607;0xb884;io_shiftkey
1608;0xb884;io_shiftkey
1609;0xb884;io_shiftkey
1610;0xb7ee;SYS_GetMouse
1611;0xb812;SYS_Joystick
1612;0xb884;io_shiftkey
1613;0xb884;io_shiftkey
1614;0xb884;io_shiftkey
1615;0xb7ee;SYS_GetMouse
1616;0xb812;SYS_Joystick
1617;0xb884;io_shiftkey
1618;0xb884;io_shiftkey
1619;0xb884;io_shiftkey
1620;0xb7ee;SYS_GetMouse
1621;0xb812;SYS_Joystick
1622;0xb884;io_shiftkey
1623;0xb884;io_shiftkey
1624;0xb884;io_shiftkey
1625;0xb7ee;SYS_GetMouse
1626;0xb812;SYS_Joystick
1627;0xb884;io_shiftkey
1628;0xb884;io_shiftkey
1629;0xb884;io_shiftkey
1630;0xb7ee;SYS_GetMouse
1631;0xb812;SYS_Joystick
1632;0xb884;io_shiftkey
1633;0xb884;io_shiftkey
1634;0xb884;io_shiftkey
1635;0xb770;setphysic
1636;0xb7ee;SYS_GetMouse
1637;0xb812;SYS_Joystick
1638;0xb884;io_shiftkey
1639;0xb884;io_shiftkey
1640;0xb884;io_shiftkey
1641;0xb7ee;SYS_GetMouse
1642;0xb812;SYS_Joystick
1643;0xb884;io_shiftkey
1644;0xb884;io_shiftkey
1645;0xb884;io_shiftkey
1646;0xb7ee;SYS_GetMouse
1647;0xb812;SYS_Joystick
1648;0xb884;io_shiftkey
1649;0xb884;io_shiftkey
1650;0xb884;io_shiftkey
1651;0xb7ee;SYS_GetMouse
1652;0xb812;SYS_Joystick
1653;0xb884;io_shiftkey
1654;0xb884;io_shiftkey
1655;0xb884;io_shiftkey
1656;0xb7ee;SYS_GetMouse
1657;0xb812;SYS_Joystick
1658;0xb884;io_shiftkey
1659;0xb884;io_shiftkey
1660;0xb884;io_shiftkey
1661;0xb7ee;SYS_GetMouse
1662;0xb812;SYS_Joystick
1663;0xb884;io_shiftkey
1664;0xb884;io_shiftkey
1665;0xb884;io_shiftkey
1666;0xb770;setphysic
1667;0xb7ee;SYS_GetMouse
1668;0xb812;SYS_Joystick
1669;0xb884;io_shiftkey
1670;0xb884;io_shiftkey
1671;0xb884;io_shiftkey
1672;0xb7ee;SYS_GetMouse
1673;0xb812;SYS_Joystick
1674;0xb884;io_shiftkey
1675;0xb884;io_shiftkey
1676;0xb884;io_shiftkey
1677;0xb7ee;SYS_GetMouse
1678;0xb812;SYS_Joystick
1679;0xb884;io_shiftkey
1680;0xb884;io_shiftkey
1681;0xb884;io_shiftkey
1682;0xb7ee;SYS_GetMouse
1683;0xb812;SYS_Joystick
1684;0xb884;io_shiftkey
1685;0xb884;io_shiftkey
1686;0xb884;io_shiftkey
1687;0xb7ee;SYS_GetMouse
1688;0xb812;SYS_Joystick
1689;0xb884;io_shiftkey
1690;0xb884;io_shiftkey
1691;0xb884;io_shiftkey
1692;0xb7ee;SYS_GetMouse
1693;0xb812;SYS_Joystick
1694;0xb884;io_shiftkey
1695;0xb884;io_shiftkey
1696;0xb884;io_shiftkey
1697;0xb770;setphysic
1698;0xb7ee;SYS_GetMouse
1699;0xb812;SYS_Joystick
1700;0xb884;io_shiftkey
1701;0xb884;io_shiftkey
1702;0xb884;io_shiftkey
1703;0xb7ee;SYS_GetMouse
1704;0xb812;SYS_Joystick
1705;0xb884;io_shiftkey
1706;0xb884;io_shiftkey
1707;0xb884;io_shiftkey
1708;0xb7ee;SYS_GetMouse
1709;0xb812;SYS_Joystick
1710;0xb884;io_shiftkey
1711;0xb884;io_shiftkey
1712;0xb884;io_shiftkey
1713;0xb7ee;SYS_GetMouse
1714;0xb812;SYS_Joystick
1715;0xb884;io_shiftkey
1716;0xb884;io_shiftkey
1717;0xb884;io_shiftkey
1718;0xb7ee;SYS_GetMouse
1719;0xb812;SYS_Joystick
1720;0xb884;io_shiftkey
1721;0xb884;io_shiftkey
1722;0xb884;io_shiftkey
1723;0xb7ee;SYS_GetMouse
1724;0xb812;SYS_Joystick
1725;0xb884;io_shiftkey
1726;0xb884;io_shiftkey
1727;0xb884;io_shiftkey
1728;0xb770;setphysic
1729;0xb7ee;SYS_GetMouse
1730;0xb812;SYS_Joystick
1731;0xb884;io_shiftkey
1732;0xb884;io_shiftkey
1733;0xb884;io_shiftkey
1734;0xb7ee;SYS_GetMouse
1735;0xb812;SYS_Joystick
1736;0xb884;io_shiftkey
1737;0xb884;io_shiftkey
1738;0xb884;io_shiftkey
1739;0xb7ee;SYS_GetMouse
1740;0xb812;SYS_Joystick
1741;0xb884;io_shiftkey
1742;0xb884;io_shiftkey
1743;0xb884;io_shiftkey
1744;0xb7ee;SYS_GetMouse
1745;0xb812;SYS_Joystick
1746;0xb884;io_shiftkey
1747;0xb884;io_shiftkey
1748;0xb884;io_shiftkey
1749;0xb7ee;SYS_GetMouse
1750;0xb812;SYS_Joystick
1751;0xb884;io_shiftkey
1752;0xb884;io_shiftkey
1753;0xb884;io_shiftkey
1754;0xb7ee;SYS_GetMouse
1755;0xb812;SYS_Joystick
1756;0xb884;io_shiftkey
1757;0xb884;io_shiftkey
1758;0xb884;io_shiftkey
1759;0xb770;setphysic
1760;0xb7ee;SYS_GetMouse
1761;0xb812;SYS_Joystick
1762;0xb884;io_shiftkey
1763;0xb884;io_shiftkey
1764;0xb884;io_shiftkey
1765;0xb7ee;SYS_GetMouse
1766;0xb812;SYS_Joystick
1767;0xb884;io_shiftkey
1768;0xb884;io_shiftkey
1769;0xb884;io_shiftkey
1770;0xb7ee;SYS_GetMouse
1771;0xb812;SYS_Joystick
1772;0xb884;io_shiftkey
1773;0xb884;io_shiftkey
1774;0xb884;io_shiftkey
1775;0xb7ee;SYS_GetMouse
1776;0xb812;SYS_Joystick
1777;0xb884;io_shiftkey
1778;0xb884;io_shiftkey
1779;0xb884;io_shiftkey
